{
  "params": {
    "conv_layers": [
      16,
      32,
      64,
      128,
      256
    ],
    "dense_layers": [
      256
    ],
    "dropout_rates": [
      0.2457840388925659,
      0.35688955921263743
    ],
    "learning_rate": 0.01,
    "batch_size": 4,
    "activation": "tanh"
  },
  "mae": 10.9225,
  "iteration": 25,
  "detailed_metrics": {
    "mae": 10.9225,
    "mse": 224.38691666666668,
    "vital_accuracy": {
      "heart_rate": 19.95,
      "systolic_bp": 14.7,
      "diastolic_bp": 10.5,
      "spo2": 1.6,
      "temperature": 0.8349999999999997,
      "pulse_rate": 17.95
    }
  }
}