{
  "params": {
    "conv_layers": [
      16,
      32,
      64,
      128,
      256
    ],
    "dense_layers": [
      768,
      384,
      192
    ],
    "dropout_rates": [
      0.3143794868578762,
      0.3066202036994855
    ],
    "learning_rate": 0.0002,
    "batch_size": 4,
    "activation": "elu"
  },
  "mae": 11.631666666666668,
  "iteration": 21,
  "detailed_metrics": {
    "mae": 11.631666666666668,
    "mse": 240.51333333333335,
    "vital_accuracy": {
      "heart_rate": 16.1,
      "systolic_bp": 17.8,
      "diastolic_bp": 12.0,
      "spo2": 4.1,
      "temperature": 1.439999999999999,
      "pulse_rate": 18.35
    }
  }
}